epoch,accuracy,loss
0,0.842043,0.5190481517384661
